{
	"category": [
		{
			"name": "sport",
			"questions": [
				{
					"questionNumber": "1",
					"question": "What do you use to boil water?",
					"answersOptions": [
						"[1] Kettle",
						"[2] Bin",
						"[3] Microwave"
					],
					"answer": "1"
				},
				{
					"questionNumber": "2",
					"question": "What do you use to write?",
					"answersOptions": [
						"[1] Rubber",
						"[2] Pen",
						"[3] Ruler"
					],
					"answer": "2"
				},
				{
					"questionNumber": "3",
					"question": "What do you put in tea?",
					"answersOptions": [
						"[1] Milk",
						"[2] Coca-Cola",
						"[3] Orange Juice"
					],
					"answer": "1"
				},
				{
					"questionNumber": "4",
					"question": "What do you use to brush your teeth?",
					"answersOptions": [
						"[1] Towel",
						"[2] Toothbrush",
						"[3] iPhone"
					],
					"answer": "2"
				},
				{
					"questionNumber": "5",
					"question": "What do you wear if your vision is weak?",
					"answersOptions": [
						"[1] Glasses",
						"[2] Phone",
						"[3] Macbook"
					],
					"answer": "1"
				},
				{
					"questionNumber": "6",
					"question": "What is the back of a book known as?",
					"answersOptions": [
						"[1] Page",
						"[2] Blurb",
						"[3] Cover"
					],
					"answer": "2"
				},
				{
					"questionNumber": "7",
					"question": "What do you pour tea into?",
					"answersOptions": [
						"[1] Bowl",
						"[2] Plate",
						"[3] Mug"
					],
					"answer": "3"
				},
				{
					"questionNumber": "8",
					"question": "What do you use to kill mice?",
					"answersOptions": [
						"[1] Gun",
						"[2] Mousetrap",
						"[3] Flamethrower"
					],
					"answer": "2"
				},
				{
					"questionNumber": "9",
					"question": "What is used to charge a mobile phone?",
					"answersOptions": [
						"[1] Charger",
						"[2] Computer",
						"[3] Book"
					],
					"answer": "1"
				},
				{
					"questionNumber": "10",
					"question": "What do you use to control your television?",
					"answersOptions": [
						"[1] Fingers",
						"[2] Remote Control",
						"[3] Mind"
					],
					"answer": "2"
				},
				{
					"questionNumber": "11",
					"question": "What do you put flowers in?",
					"answersOptions": [
						"[1] Vase",
						"[2] Box",
						"[3] Bin"
					],
					"answer": "1"
				},
				{
					"questionNumber": "12",
					"question": "What do you use to carry your books or laptop?",
					"answersOptions": [
						"[1] Pocket",
						"[2] Phone",
						"[3] Bag"
					],
					"answer": "3"
				},
				{
					"questionNumber": "13",
					"question": "What emits heat in a house?",
					"answersOptions": [
						"[1] Heater",
						"[2] Window",
						"[3] Door"
					],
					"answer": "1"
				},
				{
					"questionNumber": "14",
					"question": "What do you use to walk your dog?",
					"answersOptions": [
						"[1] Shoes",
						"[2] Plate",
						"[3] Leash"
					],
					"answer": "3"
				},
				{
					"questionNumber": "15",
					"question": "What can you use to store addresses?",
					"answersOptions": [
						"[1] Address Book",
						"[2] Gun",
						"[3] A bottle"
					],
					"answer": "1"
				},
				{
					"questionNumber": "16",
					"question": "What musical instrument has 88 keys?",
					"answersOptions": [
						"[1] Violin",
						"[2] Piano",
						"[3] Keyboard"
					],
					"answer": "2"
				},
				{
					"questionNumber": "17",
					"question": "What do you eat your food on?",
					"answersOptions": [
						"[1] Plate",
						"[2] Bottle",
						"[3] Floor"
					],
					"answer": "1"
				},
				{
					"questionNumber": "18",
					"question": "What do you commonly hang on a christmas tree?",
					"answersOptions": [
						"[1] Carrots",
						"[2] Wrapping paper",
						"[3] Baubles"
					],
					"answer": "3"
				},
				{
					"questionNumber": "19",
					"question": "What do you sleep in?",
					"answersOptions": [
						"[1] Bed",
						"[2] Chair",
						"[3] Box"
					],
					"answer": "1"
				},
				{
					"questionNumber": "20",
					"question": "What do you use to carry your shopping?",
					"answersOptions": [
						"[1] Hands",
						"[2] Carrier Bag",
						"[3] A shoe"
					],
					"answer": "2"
				},
				{
					"questionNumber": "21",
					"question": "Where do you put your rubbish?",
					"answersOptions": [
						"[1] Bin",
						"[2] Toilet",
						"[3] Ocean"
					],
					"answer": "1"
				},
				{
					"questionNumber": "22",
					"question": "Where do you store your food?",
					"answersOptions": [
						"[1] A box",
						"[2] Fridge",
						"[3] Table"
					],
					"answer": "2"
				},
				{
					"questionNumber": "23",
					"question": "What do you cut paper with?",
					"answersOptions": [
						"[1] Scissors",
						"[2] Hands",
						"[3] Knife"
					],
					"answer": "1"
				},
				{
					"questionNumber": "24",
					"question": "What makes you cry when you cut it?",
					"answersOptions": [
						"[1] Chicken",
						"[2] Celery",
						"[3] Onions"
					],
					"answer": "3"
				},
				{
					"questionNumber": "25",
					"question": "What do you use to cut your grass?",
					"answersOptions": [
						"[1] Lawnmower",
						"[2] Teeth",
						"[3] Scissors"
					],
					"answer": "1"
				},
				{
					"questionNumber": "26",
					"question": "What do you put photographs into?",
					"answersOptions": [
						"[1] Hands",
						"[2] Photo frame",
						"[3] Box"
					],
					"answer": "2"
				},
				{
					"questionNumber": "27",
					"question": "What card can you use to pay for items?",
					"answersOptions": [
						"[1] Debit or Credit Card",
						"[2] Membership Card",
						"[3] Driving Licence"
					],
					"answer": "1"
				},
				{
					"questionNumber": "28",
					"question": "What do you use to store clothes?",
					"answersOptions": [
						"[1] Mobile Phone",
						"[2] Box",
						"[3] Wardrobe"
					],
					"answer": "3"
				},
				{
					"questionNumber": "29",
					"question": "What do you wear on your feet when outside the house?",
					"answersOptions": [
						"[1] Shoes",
						"[2] Gloves",
						"[3] Hat"
					],
					"answer": "1"
				},
				{
					"questionNumber": "30",
					"question": "What do you store money in?",
					"answersOptions": [
						"[1] Tin",
						"[2] Pocket",
						"[3] Wallet"
					],
					"answer": "3"
				}
			]
		}
	]
}
	
	
	
	
	
	
	
	 